outcome,n,aic,bic,r2,ar2
hicp_yoy,456,1422.22138988175,2374.51722887957,,
unemp_rate,480,1604.00612984577,2618.23615309394,,
hicp,480,2087.09443437532,3101.32445762349,,
imports_world_meur,480,8312.21241928356,9326.44244253173,,
exports_world_meur,480,8401.71831796815,9415.94834121632,,
log_imp,480,-1473.02672993807,-458.796706689901,,
log_exp,480,-1443.15449231251,-428.924469064337,,
