term,estimate,std.error,statistic,p.value,conf.low,conf.high
D,-1.77888888888889,0.263661422132962,-6.7468682922897,0.093675826444843,-5.12902489954128,1.5712471217635
