term,estimate,std.error,statistic,p.value,conf.low,conf.high
D,-0.393705165507055,0.304722738883317,-1.29201111459493,0.419326785062654,-4.26557467352638,3.47816434251227
